Email,FirstName,LastName,Password
AliceSmith@gmail.com,Alice,Smith,AliceSmith
BobAdams@gmail.com,Bob,Adams,BobAdams
CharlieJordan@gmail.com,Charlie,Jordan,CharlieJordan
DarrenColpits@gmail.com,Darren,Colpits,DarrenColpits
EthanBillard@gmail.com,Ethan,Billard,EthanBillard
JacksonCarnegie@gmail.com,Jackson,Carnegie,JacksonCarnegie
JustinYates@gmail.com,Justin,Yates,JustinYates
ChloeRuiz@gmail.com,Chloe,Ruiz,ChloeRuiz
MadisonDuffy@gmail.com,Madison,Duffy,MadisonDuffy
AustenPrezi@gmail.com,Austen,Prezi,AustenPrezi
MitchelPeire@gmail.com,Mitchel,Peire,MitchelPeire
CharlieMitchel@gmail.com,Charlie,Mitchel,CharlieMitchel
JamesAusten@gmail.com,James,Austen,JamesAusten
QuintonBashard@gmail.com,Quinton,Bashard,QuintonBashard
AlfredBarrot@gmail.com,Alfred,Barrot,AlfredBarrot
JordonJames@gmail.com,Jordon,James,JordonJames
KellyeBalkin@gmail.com,Kellye,Balkin,KellyeBalkin
CooperNelson@gmail.com,Cooper,Nelson,CooperNelson
SloanElson@gmail.com,Sloan,Elson,SloanElson
german@gmail.com,German,Cano,123456
